{
  "train_device": "cuda",
  "deploy_device": "cuda",
  "in_features": 1024,
  "out_features": 1024,
  "warmup_iters": 5,
  "benchmark_iters": 20,
  "results": [
    {
      "mode": "eval",
      "label": "Eval mode, batch=1",
      "batch_size": 1,
      "latency_ms": 0.14773542061448097,
      "throughput_samples_per_sec": 6768.857433381013,
      "gflops": 14.195322904129858,
      "model_memory_mb": 4.00390625,
      "memory_before_mb": {
        "allocated_mb": 4.0078125,
        "reserved_mb": 22.0,
        "max_allocated_mb": 4.0078125
      },
      "memory_after_warmup_mb": {
        "allocated_mb": 12.1328125,
        "reserved_mb": 42.0,
        "max_allocated_mb": 24.1376953125
      },
      "memory_after_mb": {
        "allocated_mb": 12.1328125,
        "reserved_mb": 42.0,
        "max_allocated_mb": 24.1376953125
      }
    },
    {
      "mode": "deploy",
      "label": "Deploy mode, batch=1",
      "batch_size": 1,
      "latency_ms": 0.09519020095467567,
      "throughput_samples_per_sec": 10505.283001515512,
      "gflops": 22.03117525719426,
      "model_memory_mb": 4.003910064697266,
      "memory_before_mb": {
        "allocated_mb": 20.1337890625,
        "reserved_mb": 42.0,
        "max_allocated_mb": 20.1337890625
      },
      "memory_after_warmup_mb": {
        "allocated_mb": 20.1337890625,
        "reserved_mb": 42.0,
        "max_allocated_mb": 25.14599609375
      },
      "memory_after_mb": {
        "allocated_mb": 20.1337890625,
        "reserved_mb": 42.0,
        "max_allocated_mb": 25.14599609375
      }
    },
    {
      "mode": "eval",
      "label": "Eval mode, batch=2",
      "batch_size": 2,
      "latency_ms": 0.14231838285923004,
      "throughput_samples_per_sec": 14052.998353545374,
      "gflops": 29.47127360313439,
      "model_memory_mb": 4.00390625,
      "memory_before_mb": {
        "allocated_mb": 24.1416015625,
        "reserved_mb": 42.0,
        "max_allocated_mb": 24.1416015625
      },
      "memory_after_warmup_mb": {
        "allocated_mb": 24.1416015625,
        "reserved_mb": 42.0,
        "max_allocated_mb": 36.150390625
      },
      "memory_after_mb": {
        "allocated_mb": 24.1416015625,
        "reserved_mb": 42.0,
        "max_allocated_mb": 36.150390625
      }
    },
    {
      "mode": "deploy",
      "label": "Deploy mode, batch=2",
      "batch_size": 2,
      "latency_ms": 0.08985428139567375,
      "throughput_samples_per_sec": 22258.260473899853,
      "gflops": 46.67895546936003,
      "model_memory_mb": 4.003910064697266,
      "memory_before_mb": {
        "allocated_mb": 32.142578125,
        "reserved_mb": 42.0,
        "max_allocated_mb": 32.142578125
      },
      "memory_after_warmup_mb": {
        "allocated_mb": 32.142578125,
        "reserved_mb": 42.0,
        "max_allocated_mb": 37.16650390625
      },
      "memory_after_mb": {
        "allocated_mb": 32.142578125,
        "reserved_mb": 42.0,
        "max_allocated_mb": 37.16650390625
      }
    },
    {
      "mode": "eval",
      "label": "Eval mode, batch=4",
      "batch_size": 4,
      "latency_ms": 0.14179954305291176,
      "throughput_samples_per_sec": 28208.835613154417,
      "gflops": 59.15821602379801,
      "model_memory_mb": 4.00390625,
      "memory_before_mb": {
        "allocated_mb": 36.154296875,
        "reserved_mb": 42.0,
        "max_allocated_mb": 36.154296875
      },
      "memory_after_warmup_mb": {
        "allocated_mb": 36.154296875,
        "reserved_mb": 62.0,
        "max_allocated_mb": 48.1708984375
      },
      "memory_after_mb": {
        "allocated_mb": 36.154296875,
        "reserved_mb": 62.0,
        "max_allocated_mb": 48.1708984375
      }
    },
    {
      "mode": "deploy",
      "label": "Deploy mode, batch=4",
      "batch_size": 4,
      "latency_ms": 0.08922778069972992,
      "throughput_samples_per_sec": 44829.08762979137,
      "gflops": 94.01341078099223,
      "model_memory_mb": 4.003910064697266,
      "memory_before_mb": {
        "allocated_mb": 44.1552734375,
        "reserved_mb": 62.0,
        "max_allocated_mb": 44.1552734375
      },
      "memory_after_warmup_mb": {
        "allocated_mb": 44.1552734375,
        "reserved_mb": 62.0,
        "max_allocated_mb": 49.20263671875
      },
      "memory_after_mb": {
        "allocated_mb": 44.1552734375,
        "reserved_mb": 62.0,
        "max_allocated_mb": 49.20263671875
      }
    },
    {
      "mode": "eval",
      "label": "Eval mode, batch=8",
      "batch_size": 8,
      "latency_ms": 0.14147646725177765,
      "throughput_samples_per_sec": 56546.506676356665,
      "gflops": 118.58661956933473,
      "model_memory_mb": 4.00390625,
      "memory_before_mb": {
        "allocated_mb": 48.1748046875,
        "reserved_mb": 62.0,
        "max_allocated_mb": 48.1748046875
      },
      "memory_after_warmup_mb": {
        "allocated_mb": 48.1748046875,
        "reserved_mb": 82.0,
        "max_allocated_mb": 60.20703125
      },
      "memory_after_mb": {
        "allocated_mb": 48.1748046875,
        "reserved_mb": 82.0,
        "max_allocated_mb": 60.20703125
      }
    },
    {
      "mode": "deploy",
      "label": "Deploy mode, batch=8",
      "batch_size": 8,
      "latency_ms": 0.0894562341272831,
      "throughput_samples_per_sec": 89429.2061145473,
      "gflops": 187.54663846153508,
      "model_memory_mb": 4.003910064697266,
      "memory_before_mb": {
        "allocated_mb": 56.17578125,
        "reserved_mb": 62.0,
        "max_allocated_mb": 56.17578125
      },
      "memory_after_warmup_mb": {
        "allocated_mb": 56.17578125,
        "reserved_mb": 82.0,
        "max_allocated_mb": 61.27001953125
      },
      "memory_after_mb": {
        "allocated_mb": 56.17578125,
        "reserved_mb": 82.0,
        "max_allocated_mb": 61.27001953125
      }
    },
    {
      "mode": "eval",
      "label": "Eval mode, batch=16",
      "batch_size": 16,
      "latency_ms": 0.14222543686628342,
      "throughput_samples_per_sec": 112497.45722379307,
      "gflops": 235.92426741179207,
      "model_memory_mb": 4.00390625,
      "memory_before_mb": {
        "allocated_mb": 60.2109375,
        "reserved_mb": 82.0,
        "max_allocated_mb": 60.2109375
      },
      "memory_after_warmup_mb": {
        "allocated_mb": 60.2109375,
        "reserved_mb": 82.0,
        "max_allocated_mb": 72.2744140625
      },
      "memory_after_mb": {
        "allocated_mb": 60.2109375,
        "reserved_mb": 82.0,
        "max_allocated_mb": 72.2744140625
      }
    },
    {
      "mode": "deploy",
      "label": "Deploy mode, batch=16",
      "batch_size": 16,
      "latency_ms": 0.08921278640627861,
      "throughput_samples_per_sec": 179346.4888220771,
      "gflops": 376.1168477261967,
      "model_memory_mb": 4.003910064697266,
      "memory_before_mb": {
        "allocated_mb": 68.2119140625,
        "reserved_mb": 82.0,
        "max_allocated_mb": 68.2119140625
      },
      "memory_after_warmup_mb": {
        "allocated_mb": 68.2119140625,
        "reserved_mb": 82.0,
        "max_allocated_mb": 73.39990234375
      },
      "memory_after_mb": {
        "allocated_mb": 68.2119140625,
        "reserved_mb": 82.0,
        "max_allocated_mb": 73.39990234375
      }
    },
    {
      "mode": "eval",
      "label": "Eval mode, batch=32",
      "batch_size": 32,
      "latency_ms": 0.1483348198235035,
      "throughput_samples_per_sec": 215728.17520576267,
      "gflops": 452.4147740891156,
      "model_memory_mb": 4.00390625,
      "memory_before_mb": {
        "allocated_mb": 72.2783203125,
        "reserved_mb": 82.0,
        "max_allocated_mb": 72.2783203125
      },
      "memory_after_warmup_mb": {
        "allocated_mb": 72.2783203125,
        "reserved_mb": 102.0,
        "max_allocated_mb": 84.404296875
      },
      "memory_after_mb": {
        "allocated_mb": 72.2783203125,
        "reserved_mb": 102.0,